latitude,longitude,elevation,utc_offset_seconds,timezone,timezone_abbreviation
52.54833,13.407822,38.0,0,GMT,GMT

time,temperature_2m (°C),relative_humidity_2m (%),wind_speed_10m (km/h),pressure_msl (hPa),rain (mm),cloud_cover (%)
2026-06-12T00:00,11.6,79,5.4,1019.4,0.00,89
2026-06-12T01:00,11.3,82,6.4,1018.8,0.00,95
2026-06-12T02:00,10.9,85,7.6,1018.8,0.00,100
2026-06-12T03:00,10.8,86,7.7,1018.7,0.00,95
2026-06-12T04:00,11.2,84,7.5,1018.6,0.00,98
2026-06-12T05:00,12.1,80,6.3,1018.6,0.00,98
2026-06-12T06:00,13.3,73,6.0,1018.3,0.00,100
2026-06-12T07:00,14.6,68,7.4,1018.2,0.00,97
2026-06-12T08:00,15.1,67,8.3,1018.2,0.00,91
2026-06-12T09:00,15.9,62,14.3,1017.3,0.10,93
2026-06-12T10:00,17.1,58,15.7,1017.1,0.10,86
2026-06-12T11:00,17.7,58,15.3,1016.7,0.00,100
2026-06-12T12:00,17.5,60,14.4,1016.7,0.00,100
2026-06-12T13:00,16.8,64,15.2,1016.5,0.10,100
2026-06-12T14:00,17.4,64,11.6,1016.3,0.00,100
2026-06-12T15:00,18.0,63,11.1,1015.8,0.00,99
2026-06-12T16:00,18.9,62,13.2,1015.4,0.00,89
2026-06-12T17:00,18.5,65,12.0,1015.2,0.00,98
2026-06-12T18:00,16.2,88,6.8,1015.4,3.80,95
2026-06-12T19:00,15.9,89,10.6,1015.2,0.20,63
2026-06-12T20:00,15.4,94,15.7,1015.7,0.10,91
2026-06-12T21:00,15.1,92,14.7,1015.9,0.00,34
2026-06-12T22:00,14.5,93,11.2,1015.7,0.00,70
2026-06-12T23:00,14.2,94,10.4,1015.6,0.00,23
2026-06-13T00:00,14.1,93,7.4,1015.4,0.00,7
2026-06-13T01:00,13.6,95,7.1,1014.9,0.00,90
2026-06-13T02:00,13.9,92,8.5,1014.7,0.00,100
2026-06-13T03:00,14.1,90,10.0,1014.6,0.00,100
2026-06-13T04:00,14.2,90,11.8,1014.6,0.10,61
2026-06-13T05:00,14.9,88,12.4,1014.4,0.10,72
2026-06-13T06:00,15.6,88,11.5,1014.6,0.00,63
2026-06-13T07:00,17.5,77,14.5,1014.1,0.00,91
2026-06-13T08:00,18.5,72,16.3,1013.9,0.00,67
2026-06-13T09:00,19.2,64,18.2,1013.4,0.10,30
2026-06-13T10:00,19.6,55,20.7,1013.1,0.10,44
2026-06-13T11:00,20.2,54,20.2,1012.5,0.10,55
2026-06-13T12:00,17.8,63,16.6,1013.2,0.00,89
2026-06-13T13:00,19.1,51,19.3,1012.0,0.00,99
2026-06-13T14:00,19.5,49,21.4,1011.5,0.00,91
2026-06-13T15:00,17.0,60,22.5,1011.8,0.30,98
2026-06-13T16:00,15.7,70,18.7,1012.3,0.40,22
2026-06-13T17:00,15.4,67,22.4,1012.3,0.40,33
2026-06-13T18:00,15.1,71,17.8,1012.8,0.00,14
2026-06-13T19:00,14.4,67,18.8,1012.9,0.00,14
2026-06-13T20:00,13.6,70,16.6,1013.1,0.00,30
2026-06-13T21:00,13.2,71,17.6,1013.1,0.00,20
2026-06-13T22:00,12.7,73,16.9,1012.8,0.00,19
2026-06-13T23:00,12.3,75,16.7,1012.4,0.00,14
2026-06-14T00:00,12.7,75,16.1,1011.9,0.00,73
2026-06-14T01:00,12.1,78,16.1,1011.3,0.00,88
2026-06-14T02:00,11.9,79,17.3,1010.8,0.00,91
2026-06-14T03:00,11.9,78,18.1,1010.3,0.00,60
2026-06-14T04:00,11.6,77,17.6,1010.0,0.20,59
2026-06-14T05:00,11.7,82,16.8,1009.9,1.50,38
2026-06-14T06:00,12.2,75,20.8,1009.8,0.20,72
2026-06-14T07:00,12.0,81,22.1,1009.2,0.30,78
2026-06-14T08:00,13.4,79,21.7,1009.2,1.00,100
2026-06-14T09:00,14.9,68,23.9,1008.7,0.20,100
2026-06-14T10:00,13.0,77,23.4,1009.0,0.80,76
2026-06-14T11:00,16.0,66,25.0,1008.2,0.10,100
2026-06-14T12:00,15.2,63,24.6,1008.6,0.40,99
2026-06-14T13:00,15.7,62,21.2,1008.0,0.70,63
2026-06-14T14:00,17.0,59,22.7,1008.1,0.30,34
2026-06-14T15:00,16.1,62,21.2,1008.4,0.40,16
2026-06-14T16:00,16.8,55,25.6,1008.3,0.00,68
2026-06-14T17:00,14.8,71,17.2,1008.7,0.10,67
2026-06-14T18:00,15.1,70,18.3,1009.2,0.30,29
2026-06-14T19:00,14.4,69,17.9,1009.4,0.00,14
2026-06-14T20:00,13.7,69,18.1,1009.9,0.00,9
2026-06-14T21:00,13.0,73,17.3,1010.1,0.00,7
2026-06-14T22:00,12.5,76,17.1,1010.0,0.00,30
2026-06-14T23:00,12.1,78,17.4,1009.9,0.00,73
2026-06-15T00:00,11.9,85,15.5,1009.9,0.00,39
2026-06-15T01:00,11.7,86,15.5,1009.7,0.00,43
2026-06-15T02:00,11.4,88,15.1,1009.4,0.00,100
2026-06-15T03:00,11.4,87,15.6,1009.3,0.00,100
2026-06-15T04:00,11.7,86,15.2,1009.4,0.00,100
2026-06-15T05:00,12.0,85,15.2,1009.5,0.00,100
2026-06-15T06:00,12.2,85,17.6,1009.5,0.00,95
2026-06-15T07:00,13.8,76,22.7,1009.3,0.10,93
2026-06-15T08:00,14.6,71,24.1,1009.4,0.10,96
2026-06-15T09:00,15.2,68,24.3,1009.6,0.10,100
2026-06-15T10:00,16.0,64,24.7,1009.8,0.10,100
2026-06-15T11:00,15.9,65,23.6,1009.9,0.00,100
2026-06-15T12:00,17.4,58,23.3,1009.8,0.10,100
2026-06-15T13:00,18.2,53,24.4,1009.7,0.10,95
2026-06-15T14:00,18.2,51,24.7,1010.2,0.00,64
2026-06-15T15:00,18.1,50,24.1,1010.5,0.00,46
2026-06-15T16:00,17.6,49,22.5,1010.9,0.00,73
2026-06-15T17:00,16.6,56,20.4,1011.3,0.00,36
2026-06-15T18:00,15.8,58,19.3,1011.7,0.00,3
2026-06-15T19:00,14.4,62,16.2,1012.4,0.00,2
2026-06-15T20:00,13.5,66,13.1,1013.1,0.00,13
2026-06-15T21:00,12.7,70,13.0,1013.8,0.00,8
2026-06-15T22:00,11.9,73,13.5,1014.2,0.00,1
2026-06-15T23:00,11.1,76,13.2,1014.3,0.00,0
2026-06-16T00:00,10.6,77,11.4,1014.2,0.00,2
2026-06-16T01:00,10.0,80,10.7,1014.4,0.00,10
2026-06-16T02:00,9.6,83,9.7,1014.6,0.00,100
2026-06-16T03:00,9.8,83,9.1,1014.7,0.00,97
2026-06-16T04:00,10.6,81,9.0,1014.9,0.00,38
2026-06-16T05:00,11.6,77,8.5,1014.9,0.00,51
2026-06-16T06:00,12.6,71,9.6,1015.4,0.00,17
2026-06-16T07:00,14.0,63,13.0,1015.5,0.00,100
2026-06-16T08:00,14.9,61,15.4,1015.5,0.00,99
2026-06-16T09:00,15.9,58,14.7,1015.2,0.00,98
2026-06-16T10:00,17.6,49,14.1,1014.8,0.00,94
2026-06-16T11:00,18.6,50,11.1,1014.4,0.00,84
2026-06-16T12:00,19.2,51,7.6,1014.4,0.00,47
2026-06-16T13:00,20.0,50,8.3,1014.1,0.00,23
2026-06-16T14:00,20.5,49,9.8,1014.0,0.00,63
2026-06-16T15:00,20.4,49,9.3,1013.9,0.00,71
2026-06-16T16:00,20.4,49,8.6,1013.6,0.00,66
2026-06-16T17:00,20.0,53,3.4,1013.1,0.00,94
2026-06-16T18:00,19.8,59,5.1,1013.6,0.00,78
2026-06-16T19:00,18.5,64,4.8,1013.8,0.00,51
2026-06-16T20:00,16.9,69,6.4,1014.1,0.00,11
2026-06-16T21:00,15.9,71,8.2,1014.7,0.00,9
2026-06-16T22:00,14.4,74,9.3,1015.4,0.00,6
2026-06-16T23:00,13.4,76,7.6,1015.8,0.00,1
2026-06-17T00:00,12.6,79,8.0,1016.0,0.00,1
2026-06-17T01:00,11.6,82,7.0,1016.3,0.00,29
2026-06-17T02:00,10.8,85,6.0,1016.5,0.00,63
2026-06-17T03:00,10.2,87,5.4,1016.8,0.00,100
2026-06-17T04:00,10.7,85,5.6,1017.2,0.00,96
2026-06-17T05:00,11.9,81,2.8,1017.6,0.00,79
2026-06-17T06:00,13.9,73,1.0,1017.9,0.00,57
2026-06-17T07:00,16.3,64,0.8,1018.1,0.00,98
2026-06-17T08:00,17.9,58,2.4,1018.2,0.00,93
2026-06-17T09:00,19.5,52,6.7,1018.4,0.00,96
2026-06-17T10:00,20.7,48,8.1,1018.3,0.00,22
2026-06-17T11:00,21.8,47,10.7,1018.5,0.00,13
2026-06-17T12:00,22.8,44,11.8,1018.7,0.00,21
2026-06-17T13:00,23.3,44,12.3,1018.4,0.00,100
2026-06-17T14:00,23.6,44,12.6,1018.1,0.00,100
2026-06-17T15:00,23.2,46,13.8,1018.3,0.00,100
2026-06-17T16:00,23.2,47,12.1,1018.2,0.00,44
2026-06-17T17:00,23.3,47,8.3,1017.7,0.00,42
2026-06-17T18:00,22.9,51,8.4,1018.0,0.00,80
2026-06-17T19:00,21.5,59,8.7,1018.1,0.00,95
2026-06-17T20:00,20.2,65,9.1,1018.6,0.10,96
2026-06-17T21:00,19.5,71,5.9,1018.8,0.00,100
2026-06-17T22:00,19.0,79,1.8,1019.0,0.00,100
2026-06-17T23:00,19.0,78,1.8,1019.2,0.00,100
2026-06-18T00:00,18.8,84,0.4,1019.0,0.00,100
2026-06-18T01:00,19.0,83,3.0,1018.9,0.00,98
2026-06-18T02:00,19.5,77,4.8,1018.7,0.00,99
2026-06-18T03:00,19.3,77,8.9,1018.7,0.00,36
2026-06-18T04:00,19.0,78,10.1,1018.8,0.00,15
2026-06-18T05:00,19.9,75,8.5,1018.8,0.00,3
2026-06-18T06:00,21.6,71,8.5,1019.3,0.00,5
2026-06-18T07:00,23.0,65,13.3,1019.4,0.00,79
2026-06-18T08:00,23.8,63,13.5,1019.7,0.10,91
2026-06-18T09:00,25.0,60,12.4,1019.6,0.00,75
2026-06-18T10:00,26.4,54,11.5,1019.3,0.00,84
2026-06-18T11:00,27.4,49,11.3,1018.9,0.00,79
2026-06-18T12:00,27.8,50,10.6,1018.9,0.20,75
2026-06-18T13:00,27.6,52,9.8,1018.6,0.10,72
2026-06-18T14:00,28.0,51,11.3,1018.5,0.00,90
2026-06-18T15:00,27.1,54,8.2,1018.4,0.00,71
2026-06-18T16:00,26.9,55,6.1,1018.2,0.50,66
2026-06-18T17:00,26.7,58,3.5,1017.9,0.10,24
2026-06-18T18:00,25.9,65,7.8,1017.8,0.00,52
2026-06-18T19:00,25.5,64,5.9,1017.7,0.00,32
2026-06-18T20:00,24.3,71,6.3,1018.0,0.00,66
2026-06-18T21:00,23.4,80,7.7,1018.3,0.00,6
2026-06-18T22:00,22.8,83,7.8,1018.3,0.00,25
2026-06-18T23:00,22.0,84,7.7,1018.3,0.00,89
2026-06-19T00:00,21.2,79,7.4,1018.0,0.00,90
2026-06-19T01:00,20.8,80,7.1,1017.9,0.00,83
2026-06-19T02:00,20.1,83,6.6,1017.7,0.00,60
2026-06-19T03:00,19.6,85,6.4,1017.7,0.00,83
2026-06-19T04:00,20.1,82,6.9,1018.0,0.00,53
2026-06-19T05:00,21.4,77,5.8,1018.0,0.00,6
2026-06-19T06:00,23.6,70,5.2,1018.0,0.00,9
2026-06-19T07:00,26.9,57,5.5,1017.8,0.00,20
2026-06-19T08:00,29.7,45,6.7,1017.7,0.00,23
2026-06-19T09:00,31.5,37,10.6,1017.4,0.00,39
2026-06-19T10:00,32.8,33,11.7,1017.1,0.00,61
2026-06-19T11:00,33.9,29,12.0,1016.6,0.00,92
2026-06-19T12:00,34.5,30,10.3,1016.1,0.00,86
2026-06-19T13:00,27.1,63,18.8,1016.6,2.70,94
2026-06-19T14:00,25.1,80,9.3,1016.8,3.50,5
2026-06-19T15:00,28.1,62,4.4,1016.5,0.00,2
2026-06-19T16:00,29.0,58,7.6,1016.7,0.00,3
2026-06-19T17:00,27.2,65,13.1,1016.8,0.00,16
2026-06-19T18:00,26.6,70,11.1,1016.4,0.00,45
2026-06-19T19:00,25.3,73,13.6,1016.3,0.00,73
2026-06-19T20:00,23.9,77,11.3,1017.1,0.00,70
2026-06-19T21:00,23.0,80,9.8,1017.7,0.00,38
2026-06-19T22:00,22.4,82,9.8,1017.5,0.00,14
2026-06-19T23:00,21.8,86,8.3,1017.4,0.00,16
2026-06-20T00:00,21.5,78,9.5,1016.5,0.00,23
2026-06-20T01:00,21.0,82,7.9,1016.7,0.00,86
2026-06-20T02:00,20.5,85,6.5,1017.0,0.00,92
2026-06-20T03:00,20.2,88,4.9,1017.1,0.00,9
2026-06-20T04:00,20.7,87,2.6,1017.6,0.00,1
2026-06-20T05:00,22.0,82,2.1,1018.1,0.00,5
2026-06-20T06:00,24.0,74,9.3,1018.6,0.00,81
2026-06-20T07:00,26.1,63,10.6,1018.8,0.00,95
2026-06-20T08:00,27.6,56,11.8,1019.5,0.00,98
2026-06-20T09:00,28.7,52,8.9,1019.3,0.00,96
2026-06-20T10:00,29.8,48,5.5,1019.5,0.00,98
2026-06-20T11:00,30.0,47,1.3,1019.5,0.00,96
2026-06-20T12:00,30.8,48,3.1,1019.1,0.60,93
2026-06-20T13:00,25.1,78,10.6,1019.5,7.60,95
2026-06-20T14:00,23.0,89,3.9,1021.4,10.10,100
2026-06-20T15:00,23.7,90,2.9,1020.5,1.60,91
2026-06-20T16:00,25.2,81,1.4,1020.8,0.10,24
2026-06-20T17:00,26.1,75,0.8,1021.0,0.00,55
2026-06-20T18:00,25.5,84,6.2,1020.5,0.00,16
2026-06-20T19:00,24.6,89,2.6,1020.5,0.30,59
2026-06-20T20:00,23.5,92,3.1,1021.8,0.00,16
2026-06-20T21:00,22.4,98,1.6,1021.8,0.00,91
2026-06-20T22:00,22.1,98,8.3,1021.9,0.00,59
2026-06-20T23:00,21.4,100,5.0,1022.6,0.00,89
2026-06-21T00:00,20.9,92,2.7,1022.3,0.00,13
2026-06-21T01:00,20.6,95,8.7,1022.3,0.00,18
2026-06-21T02:00,20.2,95,4.2,1022.1,0.00,10
2026-06-21T03:00,20.0,95,6.0,1022.8,0.00,17
2026-06-21T04:00,20.5,93,5.9,1023.3,0.00,12
2026-06-21T05:00,22.0,87,3.2,1023.6,0.00,50
2026-06-21T06:00,23.6,83,1.3,1023.3,0.00,80
2026-06-21T07:00,26.0,72,3.7,1023.6,0.00,32
2026-06-21T08:00,27.0,63,9.7,1024.6,0.00,93
2026-06-21T09:00,22.4,84,8.1,1025.7,2.80,99
2026-06-21T10:00,22.5,85,8.3,1025.8,1.10,98
2026-06-21T11:00,24.3,77,5.5,1025.5,0.00,98
2026-06-21T12:00,24.8,70,4.3,1025.3,0.00,87
2026-06-21T13:00,26.5,63,4.3,1024.9,0.00,97
2026-06-21T14:00,26.9,60,3.5,1025.0,0.00,79
2026-06-21T15:00,27.5,58,3.6,1025.2,0.00,100
2026-06-21T16:00,27.1,58,1.9,1024.8,0.00,93
2026-06-21T17:00,27.1,57,5.1,1024.8,0.00,87
2026-06-21T18:00,25.8,60,2.5,1024.9,0.00,66
2026-06-21T19:00,24.8,71,1.2,1024.9,0.00,82
2026-06-21T20:00,23.5,75,4.8,1025.4,0.00,16
2026-06-21T21:00,22.3,80,9.3,1026.0,0.00,9
2026-06-21T22:00,21.2,83,10.1,1026.6,0.00,23
2026-06-21T23:00,20.1,80,8.5,1026.8,0.00,31
2026-06-22T00:00,19.1,84,8.0,1026.6,0.00,32
2026-06-22T01:00,18.4,81,9.8,1026.5,0.20,27
2026-06-22T02:00,17.5,78,10.8,1026.4,0.30,62
2026-06-22T03:00,16.8,79,10.6,1026.6,0.10,21
2026-06-22T04:00,16.9,78,9.3,1027.0,0.00,5
2026-06-22T05:00,17.5,74,8.0,1027.3,0.00,5
2026-06-22T06:00,19.1,65,7.9,1027.3,0.00,8
2026-06-22T07:00,20.3,59,7.1,1027.2,0.00,2
2026-06-22T08:00,21.5,55,6.4,1027.2,0.00,3
2026-06-22T09:00,22.5,52,5.2,1027.1,0.00,1
2026-06-22T10:00,23.4,49,4.8,1027.0,0.00,1
2026-06-22T11:00,24.1,48,3.7,1026.5,0.00,0
2026-06-22T12:00,25.1,46,5.1,1025.9,0.00,0
2026-06-22T13:00,25.8,44,5.9,1025.2,0.00,0
2026-06-22T14:00,26.0,42,8.2,1024.7,0.00,5
2026-06-22T15:00,25.9,42,8.2,1024.5,0.00,27
2026-06-22T16:00,25.6,43,8.1,1024.1,0.00,69
2026-06-22T17:00,25.0,45,8.7,1023.7,0.00,100
2026-06-22T18:00,24.2,53,7.3,1023.7,0.00,91
2026-06-22T19:00,22.5,61,6.8,1024.0,0.00,73
2026-06-22T20:00,20.8,66,8.4,1024.3,0.00,92
2026-06-22T21:00,19.8,67,11.6,1024.4,0.00,92
2026-06-22T22:00,18.5,70,10.0,1024.4,0.00,53
2026-06-22T23:00,17.5,74,7.9,1024.4,0.00,62
2026-06-23T00:00,16.5,78,5.7,1024.4,0.00,12
2026-06-23T01:00,16.0,82,4.1,1024.3,0.00,80
2026-06-23T02:00,15.6,84,3.1,1024.2,0.00,92
2026-06-23T03:00,15.2,85,2.9,1024.1,0.00,99
2026-06-23T04:00,15.6,84,4.2,1023.9,0.00,100
2026-06-23T05:00,16.4,82,3.5,1023.9,0.00,99
2026-06-23T06:00,17.8,75,4.3,1023.7,0.00,96
2026-06-23T07:00,19.6,63,4.8,1023.6,0.00,64
2026-06-23T08:00,21.4,55,4.7,1023.4,0.00,7
2026-06-23T09:00,22.6,53,3.4,1023.2,0.00,10
2026-06-23T10:00,23.7,51,2.2,1023.0,0.00,2
2026-06-23T11:00,24.7,50,1.5,1022.7,0.00,22
2026-06-23T12:00,25.8,46,2.4,1022.1,0.00,98
2026-06-23T13:00,26.5,44,2.8,1021.5,0.00,71
2026-06-23T14:00,27.0,41,5.4,1021.0,0.00,16
2026-06-23T15:00,27.1,38,6.1,1020.7,0.00,0
2026-06-23T16:00,26.9,38,5.3,1020.4,0.00,0
2026-06-23T17:00,26.5,38,3.6,1020.0,0.00,0
2026-06-23T18:00,26.4,39,3.8,1019.7,0.00,0
2026-06-23T19:00,24.6,49,3.9,1019.5,0.00,0
2026-06-23T20:00,22.6,52,10.7,1020.1,0.00,0
2026-06-23T21:00,21.8,48,9.1,1020.2,0.00,0
2026-06-23T22:00,20.8,51,8.3,1020.4,0.00,2
2026-06-23T23:00,20.1,52,6.2,1020.4,0.00,2
2026-06-24T00:00,18.3,61,6.6,1020.2,0.00,25
2026-06-24T01:00,17.5,67,5.2,1020.0,0.00,19
2026-06-24T02:00,16.9,71,4.6,1019.8,0.00,23
2026-06-24T03:00,16.2,75,4.0,1019.6,0.00,1
2026-06-24T04:00,16.8,74,4.7,1019.7,0.00,5
2026-06-24T05:00,18.2,71,3.4,1019.8,0.00,2
2026-06-24T06:00,20.6,61,2.2,1019.9,0.00,26
2026-06-24T07:00,23.3,51,2.1,1020.1,0.00,18
2026-06-24T08:00,25.6,41,3.0,1020.1,0.00,23
2026-06-24T09:00,27.2,34,3.1,1020.1,0.00,41
2026-06-24T10:00,28.2,29,1.7,1019.8,0.00,22
2026-06-24T11:00,29.4,27,0.6,1019.5,0.00,6
2026-06-24T12:00,30.2,25,2.0,1019.0,0.00,13
2026-06-24T13:00,31.4,24,4.6,1018.4,0.00,16
2026-06-24T14:00,31.7,24,7.6,1018.1,0.00,61
2026-06-24T15:00,31.5,27,8.6,1018.0,0.00,24
2026-06-24T16:00,31.2,30,7.3,1017.8,0.00,30
2026-06-24T17:00,30.8,31,6.3,1017.6,0.00,6
2026-06-24T18:00,30.7,31,6.1,1017.6,0.00,2
2026-06-24T19:00,29.5,37,3.3,1017.5,0.00,2
2026-06-24T20:00,28.0,43,0.6,1017.6,0.00,2
2026-06-24T21:00,27.0,41,7.6,1017.8,0.00,1
2026-06-24T22:00,26.0,42,5.7,1017.9,0.00,0
2026-06-24T23:00,25.0,45,5.2,1018.0,0.00,0
2026-06-25T00:00,23.5,55,6.3,1018.0,0.00,1
2026-06-25T01:00,23.0,56,4.8,1018.0,0.00,0
2026-06-25T02:00,22.4,60,4.5,1018.1,0.00,2
2026-06-25T03:00,21.7,65,4.0,1018.0,0.00,5
2026-06-25T04:00,22.4,65,5.0,1018.1,0.00,5
2026-06-25T05:00,23.8,61,4.0,1018.1,0.00,9
2026-06-25T06:00,25.8,55,4.3,1018.4,0.00,4
2026-06-25T07:00,28.5,44,3.9,1018.3,0.00,4
2026-06-25T08:00,30.8,37,5.2,1018.3,0.00,3
2026-06-25T09:00,32.0,35,8.3,1018.3,0.00,2
2026-06-25T10:00,32.8,35,12.5,1018.4,0.00,15
2026-06-25T11:00,32.9,36,12.9,1018.1,0.00,5
2026-06-25T12:00,34.0,33,13.0,1017.8,0.00,26
2026-06-25T13:00,34.1,31,11.9,1017.4,0.00,15
2026-06-25T14:00,34.2,32,11.4,1017.3,0.00,5
2026-06-25T15:00,34.2,33,11.9,1017.2,0.00,16
2026-06-25T16:00,33.7,33,12.1,1017.3,0.00,23
2026-06-25T17:00,32.3,35,13.7,1017.5,0.00,14
2026-06-25T18:00,30.9,35,15.8,1017.8,0.00,1
2026-06-25T19:00,29.3,34,13.8,1018.2,0.00,0
2026-06-25T20:00,27.3,40,13.0,1018.8,0.00,0
2026-06-25T21:00,25.4,45,11.4,1019.3,0.00,0
2026-06-25T22:00,23.7,49,10.5,1019.5,0.00,0
2026-06-25T23:00,22.5,50,8.6,1019.8,0.00,0
2026-06-26T00:00,20.6,54,7.1,1020.0,0.00,0
2026-06-26T01:00,19.9,57,5.4,1019.8,0.00,0
2026-06-26T02:00,19.2,62,4.3,1019.9,0.00,0
2026-06-26T03:00,18.6,67,4.2,1020.1,0.00,0
2026-06-26T04:00,19.0,68,5.8,1020.4,0.00,0
2026-06-26T05:00,20.6,63,3.5,1020.3,0.00,0
2026-06-26T06:00,22.9,54,3.0,1020.6,0.00,0
2026-06-26T07:00,25.4,42,3.4,1021.0,0.00,0
2026-06-26T08:00,27.4,33,3.4,1021.1,0.00,0
2026-06-26T09:00,29.4,27,3.9,1020.8,0.00,0
2026-06-26T10:00,31.0,23,4.4,1020.4,0.00,0
2026-06-26T11:00,32.5,20,4.8,1020.2,0.00,0
2026-06-26T12:00,33.5,19,5.5,1019.9,0.00,0
2026-06-26T13:00,34.4,17,6.7,1019.0,0.00,0
2026-06-26T14:00,34.8,17,7.7,1018.8,0.00,0
2026-06-26T15:00,34.9,17,8.6,1018.6,0.00,0
2026-06-26T16:00,34.7,17,9.0,1018.4,0.00,0
2026-06-26T17:00,34.0,18,10.5,1018.2,0.00,0
2026-06-26T18:00,33.5,18,11.5,1018.2,0.00,0
2026-06-26T19:00,31.9,23,11.8,1018.4,0.00,0
2026-06-26T20:00,30.2,29,11.0,1018.7,0.00,0
2026-06-26T21:00,28.6,35,10.7,1018.9,0.00,0
2026-06-26T22:00,27.6,39,11.6,1018.9,0.00,0
2026-06-26T23:00,26.9,40,11.4,1018.9,0.00,20
